metric,mean,sem
cue_decoder_accuracy,0.9999572923339739,4.270766602605392e-05
cue_decoder_shuffled_label_accuracy,0.5046309913887213,0.0032884889716071554
